{
    "name": {
        "text": "Assult"
    },
 
 "icon": {
        "type": "texture",
        "texture": "sps:textures/icons/sps.png"
    },

    "capsule_color": 13619666,

    "abilities": [
        {
            "ability": "heroesexpansion:energy_energy_absorption",
            "show_in_bar": true
        },
        {
            "ability": "heroesexpansion:kinetic_energy_absorption",
            "show_in_bar": true
        },
        {
            "ability": "lucraftcore:strength",
            "amount": 20,
            "operation": 0,
            "uuid": "c8ed43b0-658c-11ee-9ed1-325096b39f47"
        },
        {
            "ability": "lucraftcore:punch",
            "amount": 20,
            "operation": 0,
            "uuid": "c4bf0b98-659b-11ee-9c9d-325096b39f47"
        }
    ]
}