{
    "name": {
        "text": "Assult"
    },
    "icon": {
        "type": "icon",
        "item": {
            "item": "minecraft:iron_sword"
        }
    },
    "capsule_color": 13619666,
    "abilities": [
        {
            "ability": "heroesexpansion:energy_energy_absorption",
            "show_in_bar": true
        },
        {
            "ability": "heroesexpansion:kinetic_energy_absorption",
            "show_in_bar": true
        },
        {
            "ability": "lucraftcore:strength",
            "factor": 1.5,
            "operation": 1,
            "uuid": "c8ed43b0-658c-11ee-9ed1-325096b39f47"
        },
        {
            "ability": "lucraftcore:punch",
            "factor": 1.5,
            "operation": 1,
            "uuid": "c8ed43b0-658c-11ee-9ed1-325096b39f47"
        }
    ]
}