{
    "name": {
        "text": "Lifeforce"
    },
    
	"icon": {
        "type": "texture",
        "texture": "sps:textures/icons/sps.png"
    },
    
	"capsule_color": 16711680,
    
	"abilities": [
        {
            "ability": "lucraftcore:health",
            "amount": 20,
            "operation": 0,
            "uuid": "6f50459a-658d-11ee-8f8c-325096b39f47"
        },
        {
            "ability": "lucraftcore:resistance",
            "amount": 20,
            "operation": 0,
            "uuid": "72bb9144-658d-11ee-a094-325096b39f47"
        },
        {
            "ability": "lucraftcore:healing",
            "frequency": 10,
            "amount": 2,
            "uuid": "fe7fd254-659b-11ee-a989-325096b39f47"
        }
    ]
}