{
    "name": {
        "text": "Nature"
    },

    "icon": {
        "type": "texture",
        "texture": "sps:textures/icons/sps.png"
    },

    "capsule_color": 40960,

    "abilities": [
        {
            "ability": "lucraftcore:water_breathing"
        },
        {
            "ability": "lucraftcore:fire_resistance"
        },
		{
			"ability": "lucraftcore:jump_boost"
			"amount": 1.5,
			"operation": 0,
			"uuid": "f8df35c8-65b0-11ee-b332-325096b39f47"
        {
            "ability": "lucraftcore:fall_resistance",
            "amount": 20,
            "operation": 0,
            "uuid": "775f0988-658d-11ee-8bb4-325096b39f47"
        }
    ]
}