{
    "name": {
        "text": "Spelunker"
    },

    "icon": {
        "type": "texture",
        "texture": "sps:textures/icons/sps.png"
    },

    "capsule_color": 0,

    "abilities": [
		{
            "ability": "heroesexpansion:blindness",
			"show in bar": true
        },
        {
            "ability": "heroesexpansion:x_ray",
			"show in bar": true,
			"uuid": "00f649fc-65b8-11ee-9c24-325096b39f47"
        },
		{
			"ability": "lucraftcore:slowfall",
			"show in bar": true,
			"uuid": "0a4b8102-65b8-11ee-af0c-325096b39f47"
		},
        {
            "ability": "heroesexpansion:spider_sense",
            "show in bar": true,
			"uuid": "a0e53cba-65b9-11ee-aa90-325096b39f47"
        }
    ]
}