{
    "name": {
        "text": "Lifeforce"
    },
    "icon": {
        "type": "icon",
        "item": {
            "item": "minecraft:apple"
        }
    },
    "capsule_color": 16711680,
    "abilities": [
        {
            "ability": "lucraftcore:health",
            "factor": 1.5,
            "operation": 1,
            "uuid": "6f50459a-658d-11ee-8f8c-325096b39f47"
        },
        {
            "ability": "lucraftcore:resistance",
            "factor": 1.5,
            "operation": 1,
            "uuid": "72bb9144-658d-11ee-a094-325096b39f47"
        },
        {
            "ability": "lucraftcore:healing",
            "frequency": 20,
            "amount": 2,
            "uuid": "c8ed43b0-658c-11ee-9ed1-325096b39f47"
        }
    ]
}