{
    "name": {
        "text": "Nature"
    },
    "icon": {
        "type": "icon",
        "item": {
            "item": "minecraft:grass"
        }
    },
    "capsule_color": 40960,
    "abilities": [
        {
            "ability": "lucraftcore:water_breathing"
        },
        {
            "ability": "lucraftcore:fire_resistance"
        },
        {
            "ability": "lucraftcore:fall_resistance",
            "factor": 1.5,
            "operation": 1,
            "uuid": "775f0988-658d-11ee-8bb4-325096b39f47"
        }
    ]
}